<?xml version="1.0" encoding="UTF-8"?>
<!DOCTYPE mapper
    PUBLIC "-//mybatis.org//DTD Mapper 3.0//EN"
    "http://mybatis.org/dtd/mybatis-3-mapper.dtd">

<mapper namespace="com.sjw.mybatisboard.dao.BDao">
	<!-- 
	//public ArrayList<BDto> list();
	//void upHit(final String bId);
	//public BDto contentView(String strID);
	//public void write(final String bName, final String bTitle, final String bContent);
	//public void modify(final String bId, final String bName, final String bTitle, final String bContent);
	//public void delete(final String strID);
	//public BDto reply_view(String strID);
	//public void reply(final String bId, final String bName, final String bTitle, 
			final String bContent,final String bGroup, final String bStep, 
			final String bIndent);
	-->

	

	<select id="list" resultType="com.sjw.mybatisboard.dto.BDto">
		select bId, bName, bTitle, bContent, bDate, bHit, bGroup, bStep, bIndent
		from mvc_board order by bGroup desc, bStep asc
	</select>
	
	<update id="upHit" parameterType="Integer">
		update mvc_board set bHit = bHit + 1 where bId = #{param1}
	</update>
		
	<!--이것 호출전에는 반드시 upHit를 먼저 호출해야 합니다. -->
	<select id="contentView" resultType="com.sjw.mybatisboard.dto.BDto" parameterType="Integer">
		select * from mvc_board where bId = #{param1}
	</select>
	
	<insert id="write" >
		insert into mvc_board (bId, bName, bTitle, bContent, bHit, bGroup, bStep, bIndent) 
		values (mvc_board_seq.nextval, #{param1},#{param2},#{param3}, 0, mvc_board_seq.currval, 0, 0)
	</insert>
	
	<update id="modify">
		update mvc_board set bName = #{param2}, bTitle = #{param3}, bContent = #{param4} where bId = #{param1}
	</update> 
		
	<delete id="delete" parameterType="Integer" >
		delete from mvc_board where bId =  #{param1}
	</delete>
	
	<select id="reply_view" parameterType="Integer" resultType="com.sjw.mybatisboard.dto.BDto">
		select * from mvc_board where bId = #{param1}
	</select> 
	
	<!-- 
				ps.setString(1, bName);
				ps.setString(2, bTitle);
				ps.setString(3, bContent);
				ps.setInt(4, Integer.parseInt(bGroup));// 본글과 그룹은 같게
				ps.setInt(5, Integer.parseInt(bStep) + 1);// 스텝 추가
				ps.setInt(6, Integer.parseInt(bIndent) + 1);// 들여쓰기 추가
	-->
	
	<insert id="reply" >
		insert into mvc_board (bId, bName, bTitle, bContent, bGroup, bStep, bIndent)
		values (mvc_board_seq.nextval, #{param2}, #{param3}, #{param4}, #{param5} ,#{param6}+1 ,#{param7}+1)
	</insert>
	
</mapper>